{"Time":6.083863258361816},
{"Time":24.47553825378418},
