{"time":13.799999237060547,"Speed":0.0},
{"time":27.599998474121095,"Speed":0.0},
